"","lname","county","district","localitypop","urban","cwealth","cdisplaced","cwidow","cparentdeath","cwardisable","cliterate","cnoschool","cunder18","xcoordinate","ycoordinate","nn_census_index","towncode","Xcoord.s","Ycoord.s","nn_census_dist","num_blocks"
"8866","Via","Margibi","Mambah Kaba",6838,0,1.35772359371185,0.380681812763214,0.0123647600412369,0.766615152359009,0.00154559500515461,0.59403669834137,0.424015015363693,0.539412677288055,-10.6134281158447,6.22591924667358,8866,8004,0.0019506474811445,0.00401075654672506,0.0213207109080584,6
"8867","Via","Margibi","Mambah Kaba",6900,0,1.35772359371185,0.380681812763214,0.0123647600412369,0.766615152359009,0.00154559500515461,0.59403669834137,0.424015015363693,0.539412677288055,-10.6134281158447,6.22591924667358,8866,8017,0.000106502066360375,0.000142470231296483,0.0173279351872908,6
"9344","Z100 Duala Mombo Town-East","Montserrado","Greater Monrovia",7173,1,2.56338024139404,0.27176496386528,0.0195176359266043,0.532831430435181,0.00362470373511314,0.746463119983673,0.392862796783447,0.450020909309387,-10.7854118347168,6.37249612808228,9343,1014,0.000723578604571,0.00164699179478445,0.002924525184681,6
"9345","Z100 Crab Hole","Montserrado","Greater Monrovia",6710,1,2.52659940719604,0.424836605787277,0.016840536147356,0.521311461925507,0.00298062595538795,0.717959344387054,0.428471982479095,0.477496266365051,-10.780177116394,6.38935136795044,9344,1022,0.00611030536296331,0.00733546106121864,0.0051800482873095,6
"9349","Z100 Lagoon West","Montserrado","Greater Monrovia",4967,1,2.06905150413513,0.159739449620247,0.0140930134803057,0.560901939868927,0.00402657547965646,0.749593913555145,0.430030167102814,0.440104693174362,-10.7953596115112,6.37685298919678,9348,1008,0.00394936726636971,0.00538716993574791,0.00459762557064766,5
"9353","Z100 Nyuan Town","Montserrado","Greater Monrovia",5962,1,2.41167879104614,0.441602945327759,0.0219724923372269,0.588057696819305,0.00469641061499715,0.733088731765747,0.436515659093857,0.451023161411285,-10.789722442627,6.36828851699829,9352,1001,0.000317892460007657,0.00325869293148241,0.00131009365738358,5
"9354","Z100 Nyuan Town","Montserrado","Greater Monrovia",5962,1,2.41167879104614,0.441602945327759,0.0219724923372269,0.588057696819305,0.00469641061499715,0.733088731765747,0.436515659093857,0.451023161411285,-10.789722442627,6.36828851699829,9352,1011,0.000621210593531567,0.000808122977996433,0.00183857859601381,5
"9356","Z100 Popo Beach B","Montserrado","Greater Monrovia",2595,1,1.83925235271454,0.22007255256176,0.0227360315620899,0.608092486858368,0.00346820801496506,0.656087398529053,0.55336320400238,0.448554903268814,-10.7929401397705,6.36415672302246,9354,1004,0.000856704401258696,0.00403924989598667,0.000471443407095853,4
"9357","Z100 Point Four","Montserrado","Greater Monrovia",6519,1,2.34886646270752,0.24900908768177,0.0134990029036999,0.598558068275452,0.00122718210332096,0.740412354469299,0.46140193939209,0.430434107780457,-10.7901334762573,6.3632640838623,9355,1005,0.00292245917072297,0.00429797145667574,0.00149923724566516,6
"9358","Z100 Point Four","Montserrado","Greater Monrovia",6519,1,2.34886646270752,0.24900908768177,0.0134990029036999,0.598558068275452,0.00122718210332096,0.740412354469299,0.46140193939209,0.430434107780457,-10.7901334762573,6.3632640838623,9355,1007,0.0017802786416933,0.00360246323344633,0.00706166283276724,6
"9359","Z200 Jamaica Road","Montserrado","Greater Monrovia",6927,1,2.56338024139404,0.326923072338104,0.012992637231946,0.558972120285034,0.00461960444226861,0.712984502315521,0.453135311603546,0.439439862966537,-10.7875089645386,6.34166097640991,9356,10020,0.000420806087049914,0.000776238188953994,0.000724042182487958,6
"9360","Z200 Jamaica Road","Montserrado","Greater Monrovia",6927,1,2.56338024139404,0.326923072338104,0.012992637231946,0.558972120285034,0.00461960444226861,0.712984502315521,0.453135311603546,0.439439862966537,-10.7875089645386,6.34166097640991,9356,10026,0.00210624220225085,0.00199876515128921,0.00292902766114907,6
"9361","Z200 Zondo Town","Montserrado","Greater Monrovia",7196,1,2.52309393882751,0.206521734595299,0.01598110049963,0.623401880264282,0.00611450802534819,0.715305745601654,0.454330325126648,0.423707604408264,-10.7862930297852,6.3480110168457,9357,10036,0.0019074337487851,0.00150169065445315,0.000919920561982319,6
"9362","Z200 Stockton Creek","Montserrado","Greater Monrovia",2007,1,2.51086950302124,0.122369445860386,0.0159441959112883,0.592924773693085,0.00498256087303162,0.624481320381165,0.529614746570587,0.457897365093231,-10.7814140319824,6.34232664108276,9358,10016,0.00331407610364765,0.00252103138429019,0.00145977839950286,4
"9365","Z200 Little White Chapel","Montserrado","Greater Monrovia",6897,1,2.52777767181396,0.375362008810043,0.0146440481767058,0.611570239067078,0.00376975489780307,0.80627167224884,0.336514741182327,0.447150945663452,-10.7797908782959,6.3539252281189,9361,10034,0.00100780112097371,0.00271354918623523,0.00195026723695176,6
"9368","Z200 King Peter Town","Montserrado","Greater Monrovia",4387,1,2.56338024139404,0.443481266498566,0.0136767718940973,0.550718009471893,0.00227946205995977,0.790078639984131,0.377588003873825,0.436744928359985,-10.7843360900879,6.35995101928711,9364,1002,0.00209264868328486,0.00538031032812416,0.00271763284426495,4
"9377","Z300 Paity Town","Montserrado","Greater Monrovia",4889,1,2.44592356681824,0.19574873149395,0.0163632649928331,0.517897307872772,0.00265903049148619,0.684457957744598,0.49275016784668,0.43464919924736,-10.7971315383911,6.33067274093628,9373,10002,0.00184049586424539,0.00258456880187879,0.000792181160564692,5
"9378","Z300 Peugeot Garage","Montserrado","Greater Monrovia",3575,1,2.56338024139404,0.1247383877635,0.0204195808619261,0.5672727227211,0.0128671331331134,0.656137824058533,0.493934690952301,0.441678315401077,-10.7941083908081,6.33308696746826,9374,10012,0.00223531492179598,0.0041973738687747,0.00243786788847508,4
"9380","Z300 Cow Factory","Montserrado","Greater Monrovia",8730,1,2.56266522407532,0.218916997313499,0.0126002291217446,0.486368834972382,0.00355097372084856,0.660789489746094,0.521368682384491,0.455097377300262,-10.7853555679321,6.33638954162598,9376,10004,0.00200422574213741,0.00239714837221012,0.0013302084355788,6
"9381","Z300 Cow Factory","Montserrado","Greater Monrovia",8730,1,2.56266522407532,0.218916997313499,0.0126002291217446,0.486368834972382,0.00355097372084856,0.660789489746094,0.521368682384491,0.455097377300262,-10.7853555679321,6.33638954162598,9376,10014,0.00358885533548351,0.00394205360006005,0.00248242041264838,6
"9384","Z400 Power Plant","Montserrado","Greater Monrovia",3724,1,2.53787040710449,0.185154631733894,0.0150375943630934,0.504833519458771,0.00161117082461715,0.634435653686523,0.584081768989563,0.43931257724762,-10.8083209991455,6.32399988174438,9379,2001,0.00236112571232342,0.0054509355407925,0.00272465819480852,4
"9389","Z400 Grandcess Yard	","Montserrado","Greater Monrovia",6540,1,1.81712543964386,0.190286248922348,0.017737003043294,0.636697232723236,0.006880734115839,0.610621273517609,0.608330428600311,0.432874619960785,-10.8061122894287,6.32885789871216,9384,2014,0.0114047489666917,0.022091579841966,0.00689144574590751,6
"9391","Z1000 Barchue Town","Montserrado","Greater Monrovia",3167,1,2.56338024139404,0.300049424171448,0.0123144928365946,0.511525094509125,0.00347331864759326,0.783106982707977,0.41473987698555,0.441427230834961,-10.7405614852905,6.26945018768311,9386,3002,0.000737393408417641,0.000605734078539654,0.000506471312612048,4
"9393","Z1000 Peace Island","Montserrado","Greater Monrovia",4150,1,1.81944441795349,0.343800991773605,0.0180722884833813,0.484337359666824,0.00337349390611053,0.679861128330231,0.505437910556793,0.498554229736328,-10.7320051193237,6.27681636810303,9388,3000,0.00905885996651723,0.0070213829075449,0.00398610746644133,4
"9394","Z1000 Pagos Island","Montserrado","Greater Monrovia",1962,1,2.56338024139404,0.439454704523087,0.0127421002835035,0.451580017805099,0.00356778805144131,0.791871070861816,0.292128294706345,0.458715587854385,-10.7217617034912,6.27288150787354,9389,3010,0.00361626443245346,0.00450498891119859,0.00186588232652904,4
"9396","Z1000 Congo Town Old Rd","Montserrado","Greater Monrovia",6815,1,2.56338024139404,0.391619473695755,0.0139398388564587,0.543213486671448,0.0020542920101434,0.794700682163239,0.368164241313934,0.446661770343781,-10.7180948257446,6.26248693466187,9391,3022,0.000517525652325796,0.000536250310434877,0.00400553064702217,6
"9400","Z500 RandalL/ Newport Streets","Montserrado","Greater Monrovia",4776,1,2.56338024139404,0.290023893117905,0.0113065326586366,0.539782226085663,0.000837520929053426,0.788441121578217,0.364607512950897,0.393634855747223,-10.8091068267822,6.31419897079468,9395,2005,0.000685694459474637,0.000653517224164969,0.00142257313663891,5
"9403","Z500 Sports Commission","Montserrado","Greater Monrovia",2869,1,2.56338024139404,0.517628192901611,0.0115022659301758,0.520041823387146,0.00592540949583054,0.794198870658875,0.392187505960464,0.451725333929062,-10.8036403656006,6.31179666519165,9398,2016,0.0106635923648213,0.00642633705694796,0.000246992746248753,4
"9405","Z1100 S.D Copper","Montserrado","Greater Monrovia",5374,1,2.56338024139404,0.182830348610878,0.0191663559526205,0.577968001365662,0.00130256789270788,0.733683407306671,0.397018104791641,0.471529573202133,-10.7066917419434,6.26095914840698,9400,3019,0.00161932836748438,0.00165109010801352,0.00412793351541551,5
"9406","Z1100 A.B Tolbert Road","Montserrado","Greater Monrovia",5250,1,2.56338024139404,0.22670990228653,0.0207619052380323,0.534857153892517,0.00571428565308452,0.803886950016022,0.325366050004959,0.460952371358871,-10.7050790786743,6.27067995071411,9401,3014,0.0118810542723545,0.00604307000554617,0.00585320525913798,5
"9407","Z1100 King Gray-Elwa","Montserrado","Greater Monrovia",5318,1,2.56338024139404,0.39727246761322,0.0223768334835768,0.54418957233429,0.00376081233844161,0.760492563247681,0.371231704950333,0.465024441480637,-10.7012777328491,6.24551010131836,9402,8008,0.00214641556535191,0.0012026414680257,0.00307266645736851,5
"9409","Z1100 Kende-jah","Montserrado","Greater Monrovia",6887,1,2.44593524932861,0.520133435726166,0.0191665459424257,0.569769144058228,0.00377522874623537,0.671477913856506,0.489072442054749,0.475969225168228,-10.6660499572754,6.23101949691772,9404,8013,0.00165770019189348,0.0012098494654217,0.00580718763886838,6
"9410","Z1100 Kende-jah","Montserrado","Greater Monrovia",6887,1,2.44593524932861,0.520133435726166,0.0191665459424257,0.569769144058228,0.00377522874623537,0.671477913856506,0.489072442054749,0.475969225168228,-10.6660499572754,6.23101949691772,9404,8015,0.000845750453328414,0.00100709425374032,0.0047217258858148,6
"9411","Z1100 Police Academy","Montserrado","Greater Monrovia",7231,1,2.56338024139404,0.272365808486938,0.0174471996724606,0.525535047054291,0.00268418458290398,0.8026402592659,0.341500520706177,0.467754453420639,-10.6996812820435,6.28074264526367,9405,5010,0.00366677211427082,0.00374885809367882,0.00781681523542156,6
"9412","Z1100 Police Academy","Montserrado","Greater Monrovia",7161,1,2.56338024139404,0.272365808486938,0.0174471996724606,0.525535047054291,0.00268418458290398,0.8026402592659,0.341500520706177,0.467754453420639,-10.6996812820435,6.28074264526367,9405,5015,0.00323512339389261,0.000540790461989997,0.00469039977171159,6
"9413","Z1100 Rehab/Borbor Town","Montserrado","Greater Monrovia",7091,1,2.56338024139404,0.341463416814804,0.0199352819472551,0.528140544891357,0.00179128628224134,0.74722820520401,0.394898921251297,0.480469197034836,-10.6683664321899,6.24417114257812,9406,8006,0.00161513673150211,0.0019974985148659,0.00909967067351774,6
"9415","Z1100 Kpelle Town","Montserrado","Greater Monrovia",6987,1,2.56338024139404,0.402406096458435,0.0134920030832291,0.503448784351349,0.00166755099780858,0.768425405025482,0.385694235563278,0.486849099397659,-10.6933450698853,6.24886417388916,9408,8005,0.0013082602487726,0.000713992686236948,0.00750210275916091,6
"9416","Z1100 Kpelle Town","Montserrado","Greater Monrovia",6925,1,2.56338024139404,0.402406096458435,0.0134920030832291,0.503448784351349,0.00166755099780858,0.768425405025482,0.385694235563278,0.486849099397659,-10.6933450698853,6.24886417388916,9408,8007,NA,NA,0.0113598223535805,6
"9417","Z1100 Kpelle Town","Montserrado","Greater Monrovia",6861,1,2.56338024139404,0.402406096458435,0.0134920030832291,0.503448784351349,0.00166755099780858,0.768425405025482,0.385694235563278,0.486849099397659,-10.6933450698853,6.24886417388916,9408,8010,0.00172039257435631,0.00143072356815955,0.0122738633481177,6
"9418","Z1100 Wood Camp","Montserrado","Greater Monrovia",6797,1,2.33068609237671,0.390994191169739,0.0183127131313086,0.550639569759369,0.00461312662810087,0.726329803466797,0.42723685503006,0.466065555810928,-10.6866598129272,6.30019187927246,9409,5013,0.00188809002427025,0.00306330743637823,0.00422782923250011,6
"9420","Z1100 Morris Farm","Montserrado","Greater Monrovia",6722,1,2.08851075172424,0.355169802904129,0.014472234994173,0.515337407588959,0.00330344494432211,0.760252356529236,0.412979632616043,0.487415432929993,-10.6821956634521,6.30973291397095,9411,9021,0.00126251526361153,0.00154215840525972,0.00178913288569976,6
"9421","Z1100 Paynesville Joe Bar","Montserrado","Greater Monrovia",7657,1,2.56338024139404,0.298529118299484,0.0155413346365094,0.539898157119751,0.00130599446129054,0.810791730880737,0.318290144205093,0.470419228076935,-10.6897172927856,6.2648024559021,9412,5000,0.00203140531391599,0.0013597023100211,0.00459244266869344,6
"9422","Z1100 Paynesville Joe Bar","Montserrado","Greater Monrovia",7657,1,2.56338024139404,0.298529118299484,0.0155413346365094,0.539898157119751,0.00130599446129054,0.810791730880737,0.318290144205093,0.470419228076935,-10.6897172927856,6.2648024559021,9412,5002,0.00348451342465696,0.00163413855879362,0.00068647428346845,6
"9424","Z1100 Duport Road South","Montserrado","Greater Monrovia",6661,1,2.56338024139404,0.357942402362823,0.0173373632133007,0.547319889068604,0.00246540480293334,0.769362807273865,0.390303790569305,0.468267858028412,-10.6806478500366,6.26765251159668,9414,5008,0.00267747359716499,0.00137475716829376,0.00936301404852927,6
"9425","Z1100 Neezoe","Montserrado","Greater Monrovia",11825,1,2.52913641929626,0.281775385141373,0.0169978849589825,0.535306572914124,0.00152219878509641,0.669588267803192,0.495540529489517,0.466469347476959,-10.7006645202637,6.3023886680603,9415,9018,0.00167735642461336,0.00249312179994242,0.00124843927022746,7
"9426","Z1100 Neezoe","Montserrado","Greater Monrovia",11825,1,2.52913641929626,0.281775385141373,0.0169978849589825,0.535306572914124,0.00152219878509641,0.669588267803192,0.495540529489517,0.466469347476959,-10.7006645202637,6.3023886680603,9415,9027,0.00323423835259539,0.00536653866165598,0.00733180012874542,7
"9428","Z1100 72nd Community","Montserrado","Greater Monrovia",6601,1,2.56338024139404,0.308020561933517,0.013334259390831,0.498506844043732,0.00423640524968505,0.755762934684753,0.402436107397079,0.466976881027222,-10.7077989578247,6.29367685317993,9417,9012,0.00520867710411206,0.00560524506784592,0.0116060799638413,6
"9429","Z1100 Duport Road N. East","Montserrado","Greater Monrovia",10432,1,2.56338024139404,0.355137348175049,0.01945935562253,0.527607381343842,0.00230061355978251,0.773054182529449,0.356713652610779,0.471242338418961,-10.6723928451538,6.27208375930786,9418,5005,0.00429916144629121,0.00369017772723575,0.00369567200049206,7
"9430","Z1100 Jacob Town","Montserrado","Greater Monrovia",9669,1,2.56338024139404,0.306190997362137,0.0157203432172537,0.582686960697174,0.000930809823330492,0.704328596591949,0.441451013088226,0.457234472036362,-10.7168674468994,6.30192995071411,9419,9002,0.00430794485026566,0.00996570698430248,0.00642435436719661,6
"9431","Z1100 Jacob Town","Montserrado","Greater Monrovia",9669,1,2.56338024139404,0.306190997362137,0.0157203432172537,0.582686960697174,0.000930809823330492,0.704328596591949,0.441451013088226,0.457234472036362,-10.7168674468994,6.30192995071411,9419,9006,0.000760528776149567,0.00256678741825588,0.00575856086968033,6
"9432","Z1100 Jacob Town","Montserrado","Greater Monrovia",9669,1,2.56338024139404,0.306190997362137,0.0157203432172537,0.582686960697174,0.000930809823330492,0.704328596591949,0.441451013088226,0.457234472036362,-10.7168674468994,6.30192995071411,9419,9007,0.00109972249275859,0.00245554108573017,0.00123269242364414,6
"9433","Z1100 Red Light","Montserrado","Greater Monrovia",6523,1,2.21335935592651,0.247789412736893,0.0158708542585373,0.511273086071014,0.00572168128564954,0.7052361369133,0.475725173950195,0.431237667798996,-10.6865539550781,6.28959178924561,9420,5004,0.000832227241910534,0.000216375479739128,0.00483153347788179,6
"9434","Z1100 Zinc Factory","Montserrado","Greater Monrovia",10196,1,2.56338024139404,0.233770146965981,0.0188309140503407,0.638681828975677,0.00215770886279643,0.700833559036255,0.444121927022934,0.449097692966461,-10.7148561477661,6.30939817428589,9421,9003,0.00218673907224064,0.00314060654147406,0.00459914823110361,7
"9435","Z1100 Zinc Factory","Montserrado","Greater Monrovia",10196,1,2.56338024139404,0.233770146965981,0.0188309140503407,0.638681828975677,0.00215770886279643,0.700833559036255,0.444121927022934,0.449097692966461,-10.7148561477661,6.30939817428589,9421,9010,0.000981982591095615,0.00174487947296499,0.00254066272696381,7
"9438","Z1100 Kemah Town/Omega","Montserrado","Greater Monrovia",6440,1,2.14901661872864,0.385668337345123,0.0173593796789646,0.498028367757797,0.00217558816075325,0.685689091682434,0.4770627617836,0.493087977170944,-10.6667766571045,6.29479217529297,9424,5014,0.00477401118743269,0.00315296273454727,0.00236317339989027,5
"9439","Z1100 Kemah Town/Omega","Montserrado","Greater Monrovia",6282,1,2.14901661872864,0.385668337345123,0.0173593796789646,0.498028367757797,0.00217558816075325,0.685689091682434,0.4770627617836,0.493087977170944,-10.6667766571045,6.29479217529297,9424,9020,0.0128457472955509,0.0155135147729452,0.0112616475403216,5
"9440","Z1100 Rock Hill","Montserrado","Greater Monrovia",9036,1,2.51918148994446,0.37142339348793,0.0180389545857906,0.485170423984528,0.00276671093888581,0.744309544563293,0.385572761297226,0.492695897817612,-10.71351146698,6.3195595741272,9425,4014,0.0361119187723034,0.0294183251572682,0.00657159807741976,6
"9441","Z1100 Rock Hill","Montserrado","Greater Monrovia",9036,1,2.51918148994446,0.37142339348793,0.0180389545857906,0.485170423984528,0.00276671093888581,0.744309544563293,0.385572761297226,0.492695897817612,-10.71351146698,6.3195595741272,9425,9029,0.00408941892404147,0.00516016750713978,0.00381018918567857,6
"9442","Z1100 City View","Montserrado","Greater Monrovia",6947,1,2.32932686805725,0.292192608118057,0.0155462790280581,0.507845103740692,0.00287894066423178,0.721252977848053,0.402070462703705,0.487836480140686,-10.7017660140991,6.31716012954712,9426,9028,0.00524713943271579,0.00273640384246012,0.00740979645165565,6
"9448","Z600 BTC Area ","Montserrado","Greater Monrovia",6963,1,2.46666669845581,0.384615391492844,0.0325203239917755,0.552845537662506,0.0162601619958878,0.811881184577942,0.46551725268364,0.29268291592598,-10.803150177002,6.30556392669678,9432,2004,0.00946432099688716,0.00365518077558429,0.0012896588955048,6
"9452","Z600 Rock Spring Valley ","Montserrado","Greater Monrovia",3806,1,2.56338024139404,0.22863832116127,0.0120861800387502,0.603783488273621,0.00262743048369884,0.835164844989777,0.362692773342133,0.421177089214325,-10.7976274490356,6.31010627746582,9436,2010,0.0324192624980221,0.00308440967750331,0.00767949168967474,4
"9453","Z600 Rock Spring Valley ","Montserrado","Greater Monrovia",3806,1,2.56338024139404,0.22863832116127,0.0120861800387502,0.603783488273621,0.00262743048369884,0.835164844989777,0.362692773342133,0.421177089214325,-10.7976274490356,6.31010627746582,9436,2040,0.000267917203530414,0.000240847424969087,0.000792293316508444,4
"9454","Z600 Bassa Community ","Montserrado","Greater Monrovia",1977,1,2.56338024139404,0.485879808664322,0.015174507163465,0.605968654155731,0.00151745066978037,0.830905616283417,0.329954952001572,0.409711688756943,-10.7976207733154,6.30493211746216,9437,2037,0.00117002372383351,0.0010755550383604,0.000493431361363596,4
"9455","Z600 Warwein ","Montserrado","Greater Monrovia",1499,1,2.56338024139404,0.68410462141037,0.00733822537586093,0.551034033298492,0.00333555694669485,0.770979046821594,0.378277152776718,0.432288199663162,-10.7954196929932,6.30386877059937,9438,2028,0.00147029371371794,0.000516417375782971,0.00155127209975261,3
"9459","Z1200 JJY / Snow Hill","Montserrado","Greater Monrovia",7604,1,2.56338024139404,0.402403026819229,0.0214360859245062,0.57364547252655,0.000789058394730091,0.757222294807434,0.415968298912048,0.465807467699051,-10.7469711303711,6.33120727539062,9442,4019,0.00322284603650639,0.00326527401308548,0.000368924230868176,6
"9465","Z1200 MTA","Montserrado","Greater Monrovia",4129,1,2.56338024139404,0.288542062044144,0.0152579313144088,0.562363743782043,0.00629692431539297,0.727064192295074,0.393283367156982,0.455558240413666,-10.7346630096436,6.32326221466064,9448,4013,0.00594838659409452,0.00884025827504058,0.00362437711738393,4
"9473","Z700 Plumkor","Montserrado","Greater Monrovia",4827,1,2.56338024139404,0.166301280260086,0.0163662731647491,0.580070436000824,0.000621504033915699,0.811986863613129,0.321327686309814,0.428009122610092,-10.786337852478,6.29616594314575,9456,2032,0.000983290882608307,0.000527696695625955,0.00142110043160648,5
"9474","Z700 Cooper Clinic","Montserrado","Greater Monrovia",9920,1,2.56338024139404,0.267374932765961,0.0159274190664291,0.603629052639008,0.00383064523339272,0.844889581203461,0.288813948631287,0.416129022836685,-10.780704498291,6.29788637161255,9457,2027,0.00136443180973224,0.000465688606782765,0.00174011544413145,6
"9475","Z700 ICA Camp","Montserrado","Greater Monrovia",4208,1,2.56338024139404,0.25991502404213,0.0159220527857542,0.599334597587585,0.00190114066936076,0.841411054134369,0.319228708744049,0.42585551738739,-10.776665687561,6.29463148117065,9458,2023,0.00104214845649164,0.00192330409667002,0.00174314931844276,4
"9476","Z700 ICA Camp","Montserrado","Greater Monrovia",4208,1,2.56338024139404,0.25991502404213,0.0159220527857542,0.599334597587585,0.00190114066936076,0.841411054134369,0.319228708744049,0.42585551738739,-10.776665687561,6.29463148117065,9458,2025,0.00103816802374898,0.00100771411084618,0.000446735443261448,4
"9481","Z1300 Battery Factory","Montserrado","Greater Monrovia",4338,1,2.56338024139404,0.256627380847931,0.0152143845334649,0.562932252883911,0.00207468890585005,0.678934037685394,0.4498131275177,0.465882897377014,-10.7750768661499,6.34307432174683,9463,4024,0.0119388589306346,0.00652669210905172,0.00346074348245175,4
"9483","Z1300 Flahn Town","Montserrado","Greater Monrovia",4826,1,2.38299989700317,0.509427487850189,0.0203066729009151,0.558640718460083,0.00352258607745171,0.702220916748047,0.428191483020782,0.479278892278671,-10.7687349319458,6.34353971481323,9465,7002,0.00488619092444196,0.00775034417120118,0.00637434432863179,5
"9485","Z1300 SOS Transit","Montserrado","Greater Monrovia",5236,1,2.56338024139404,0.394131869077682,0.0213903747498989,0.584415555000305,0.00267379684373736,0.707229197025299,0.429445177316666,0.476317793130875,-10.7594509124756,6.34073066711426,9467,4026,0.00183951689504497,0.000545804700283571,0.00246299001787902,5
"9486","Z1300 SOS Transit","Montserrado","Greater Monrovia",5236,1,2.56338024139404,0.394131869077682,0.0213903747498989,0.584415555000305,0.00267379684373736,0.707229197025299,0.429445177316666,0.476317793130875,-10.7594509124756,6.34073066711426,9467,4027,0.00455128382328966,0.00682485227597033,0.00351452304893938,5
"9489","Z1300 Old Field Gulf/Sign Boar","Montserrado","Greater Monrovia",8677,1,2.56338024139404,0.349277794361115,0.0171718336641788,0.518612444400787,0.00253543863072991,0.778005659580231,0.366830170154572,0.48738044500351,-10.7516460418701,6.35689496994019,9470,7005,0.00947699778319472,0.00346432496988548,0.00824633680073506,6
"9490","Z1300 New Georgia  Estate","Montserrado","Greater Monrovia",8689,1,2.56338024139404,0.151641473174095,0.0148463575169444,0.544596612453461,0.000805616320576519,0.856299817562103,0.222715735435486,0.456209003925323,-10.7591972351074,6.35111331939697,9471,4020,0.00177104053917962,0.000626598499637044,0.00135133901094082,6
"9496","Z800 Raymond Field","Montserrado","Greater Monrovia",4071,1,2.56338024139404,0.272988498210907,0.0147383939474821,0.557111263275146,0.00294767878949642,0.798744142055511,0.363436132669449,0.409481704235077,-10.764422416687,6.29154443740845,9477,3024,0.0106553627115542,0.0166786867812198,0.00122696058042368,4
"9497","Z800 Gbangaye Town","Montserrado","Greater Monrovia",3951,1,2.56338024139404,0.152471482753754,0.0141736268997192,0.596810936927795,0.00455580884590745,0.787648618221283,0.360011398792267,0.431536316871643,-10.7672805786133,6.28819465637207,9478,3021,0.0150751697214881,0.00898116522727316,0.00208046289845407,4
"9498","Z800 Wroto Town","Montserrado","Greater Monrovia",6016,1,2.56338024139404,0.231228247284889,0.0194481387734413,0.617353737354279,0.00216090423054993,0.745522081851959,0.419166207313538,0.4270279109478,-10.7638854980469,6.28530311584473,9479,3028,0.0153748902320713,0.0099019423288239,0.00142119052405355,5
"9499","Z1400 Duan Town ","Montserrado","Greater Monrovia",4851,1,2.56338024139404,0.514524221420288,0.0187590196728706,0.523191094398499,0.00144300144165754,0.823712527751923,0.287860721349716,0.477015048265457,-10.7413787841797,6.34892702102661,9480,4005,0.00210353139196617,0.00151685120568696,0.00142686055138492,5
"9502","Z1400 Johnsonville Road B ","Montserrado","Greater Monrovia",4456,1,2.56338024139404,0.494967639446259,0.0179533213376999,0.546229779720306,0.00134649907704443,0.832675397396088,0.263601541519165,0.489676833152771,-10.7294874191284,6.35675954818726,9483,4003,0.0105478542491037,0.0192222253208906,0.00318202594564443,4
"9503","Z1400 Old Field South ","Montserrado","Greater Monrovia",2911,1,2.56338024139404,0.34801059961319,0.0158021301031113,0.478186190128326,0.00309172109700739,0.836206912994385,0.257154047489166,0.464788734912872,-10.7418060302734,6.35682249069214,9484,4002,0.0481535928149788,0.0210140065421092,0.000895200234129974,4
"9507","Z900 Key & Death Hole","Montserrado","Greater Monrovia",6599,1,2.56338024139404,0.252504080533981,0.0166691914200783,0.580087900161743,0.00318230036646128,0.764956414699554,0.385004371404648,0.439763605594635,-10.7596111297607,6.28516101837158,9488,3016,0.00179673195638127,0.00286529587319346,0.00273859331179376,6
"9508","Z900 Catholic Hospital","Montserrado","Greater Monrovia",5133,1,2.56338024139404,0.187315627932549,0.0132476137951016,0.564971745014191,0.00487044593319297,0.829180598258972,0.360141396522522,0.4301578104496,-10.7555723190308,6.27445840835571,9489,3001,0.00219059000579327,0.0016961860298588,0.00194183489436794,5
"9509","Z900 Divine-Togba Camp","Montserrado","Greater Monrovia",6464,1,2.56338024139404,0.271166771650314,0.0177908409386873,0.599628686904907,0.00232054456137121,0.794979929924011,0.340377628803253,0.430538356304169,-10.7560710906982,6.28014183044434,9490,3027,9.01850003607893e-05,0.000655648832429645,0.00644314200914438,5
"9513","Z900 Gaye Town Community","Montserrado","Greater Monrovia",9125,1,2.56338024139404,0.242596417665482,0.0207123290747404,0.530191779136658,0.00372602744027972,0.814224600791931,0.374546825885773,0.463123291730881,-10.7448396682739,6.28360986709595,9494,3012,0.00215812598054918,0.00134288732441842,0.000834613840264327,6
"9514","Z900 Yekpee Town","Montserrado","Greater Monrovia",2922,1,2.56338024139404,0.394736856222153,0.0212183427065611,0.545516788959503,0.00410677632316947,0.794418632984161,0.36253422498703,0.457905530929565,-10.7457580566406,6.27844476699829,9495,3005,0.000971089141547247,0.000384765916987827,0.00237456396100883,4
"9515","Z900 Tarr Town","Montserrado","Greater Monrovia",5061,1,2.56338024139404,0.173013493418694,0.0278601069003344,0.582888782024384,0.00296384119428694,0.823331594467163,0.303786188364029,0.435487061738968,-10.7494010925293,6.27698421478271,9496,3009,0.00145615750114411,0.00103242128961453,0.000762435915376018,5
"9516","Z1600 New Georgia Road","Montserrado","Greater Monrovia",6659,1,2.43191313743591,0.497401624917984,0.020123140886426,0.48655954003334,0.00135155429597944,0.740180611610413,0.398778349161148,0.495569914579391,-10.7708072662354,6.37012481689453,9497,7006,0.00361165308016012,0.00224329258032232,0.00512583076934305,6
"9517","Z1600 Caldwell Community","Montserrado","Greater Monrovia",3970,1,2.56338024139404,0.257594674825668,0.0146095715463161,0.499244332313538,0.00478589441627264,0.758524715900421,0.393833637237549,0.494710326194763,-10.7755365371704,6.38099431991577,9498,7003,0.00492719827797383,0.00319917798447372,0.00312081163799151,4
"9518","Z1600 Central Caldwell","Montserrado","Greater Monrovia",2947,1,2.37898683547974,0.387631148099899,0.0308788605034351,0.478452652692795,0.00135731254704297,0.705327689647675,0.415457040071487,0.472005426883698,-10.7672815322876,6.38598346710205,9499,7004,0.001234048131152,0.00112266172036761,0.00596949361199776,4
"9519","Z1600 Central Caldwell","Montserrado","Greater Monrovia",2947,1,2.37898683547974,0.387631148099899,0.0308788605034351,0.478452652692795,0.00135731254704297,0.705327689647675,0.415457040071487,0.472005426883698,-10.7672815322876,6.38598346710205,9499,7007,0.0070281257363354,0.0015456043513211,0.0040971232884587,4
"9523","Z1600 Dixville Water Side","Montserrado","Greater Monrovia",7032,1,2.56338024139404,0.65172415971756,0.0143884895369411,0.575539588928223,0.00102774926926941,0.776315808296204,0.387096762657166,0.504624843597412,-10.7399501800537,6.40280294418335,9503,7011,0.0182014271803944,0.00464427080846665,0.0041336577579204,6
"9529","Banjor Beach/Fantie Town","Rural Montserrado","St. Paul River",6773,1,2.56338024139404,0.927350401878357,0.0407124683260918,0.310432583093643,0,0.456603765487671,0.647058844566345,0.468193382024765,-10.8111553192139,6.40088891983032,9509,6003,0.00838915268610278,0.0253785936616912,0.00234768369120428,6
"9530","Kai","Rural Montserrado","St. Paul River",3477,1,2.56338024139404,0.382917463779449,0.0189818814396858,0.423353463411331,0.00258843833580613,0.731834590435028,0.423513680696487,0.503595054149628,-10.8048696517944,6.40310335159302,9510,6004,0.00600874911369473,0.0112903005020195,0.00907662621790077,4
"9559","Kpalla-Kpalla/Dakulyla","Rural Montserrado","St. Paul River",6844,1,0.840490818023682,0.8002108335495,0.0197253059595823,0.596142590045929,0.00526008196175098,0.566158592700958,0.556475758552551,0.526592612266541,-10.8167667388916,6.42308044433594,9539,6000,0.00261473108926957,0.0046105132142894,0.00563380667826616,6
"9560","Kpalla-Kulaken","Rural Montserrado","St. Paul River",7094,1,2.56338024139404,0.550279319286346,0.0241545885801315,0.640901744365692,0.00805152952671051,0.750561773777008,0.385454535484314,0.533011257648468,-10.8016862869263,6.42486953735352,9540,6011,0.00469827875283107,0.00927570578710552,0.00477146769372426,6
"9581","Ziplon","Rural Montserrado","St. Paul River",7159,0,0.200000002980232,0.875,0,0.75,0,0.5,0.75,0.25,-10.8252553939819,6.43974447250366,9561,6008,0.00878890922194768,0.0120877591503034,0.00380868482103237,6
